datetime_jst,pct
2026-09-28 09:00:00+09:00,0.000000
2026-09-28 09:05:00+09:00,0.006522
2026-09-28 09:10:00+09:00,0.137924
2026-09-28 09:15:00+09:00,0.083773
2026-09-28 09:20:00+09:00,0.204858
2026-09-28 09:25:00+09:00,0.174533
2026-09-28 09:30:00+09:00,0.019326
2026-09-28 09:35:00+09:00,0.125544
2026-09-28 09:40:00+09:00,0.103272
2026-09-28 09:45:00+09:00,0.201163
2026-09-28 09:50:00+09:00,0.007044
2026-09-28 09:55:00+09:00,0.115064
2026-09-28 10:00:00+09:00,-0.040189
2026-09-28 10:05:00+09:00,0.029751
2026-09-28 10:10:00+09:00,-0.023320
2026-09-28 10:15:00+09:00,-0.124615
2026-09-28 10:20:00+09:00,-0.290302
2026-09-28 10:25:00+09:00,-0.277234
2026-09-28 10:30:00+09:00,-0.208207
2026-09-28 10:35:00+09:00,-0.007168
2026-09-28 10:40:00+09:00,-0.097424
2026-09-28 10:45:00+09:00,-0.054234
2026-09-28 10:50:00+09:00,-0.008630
2026-09-28 10:55:00+09:00,-0.072930
2026-09-28 11:00:00+09:00,-0.056888
2026-09-28 11:05:00+09:00,-0.209346
2026-09-28 11:10:00+09:00,-0.175007
2026-09-28 11:15:00+09:00,-0.149725
2026-09-28 11:20:00+09:00,-0.137558
2026-09-28 11:25:00+09:00,-0.049871
2026-09-28 11:30:00+09:00,-0.030577
2026-09-28 12:30:00+09:00,-0.130666
2026-09-28 12:35:00+09:00,-0.186230
